{
	"pattrstorage" : 	{
		"name" : "u235002282",
		"slots" : 		{
			"1" : 			{
				"id" : 1,
				"data" : 				{
					"scale" : [ 0.291 ],
					"swatch" : [ 1.0, 0.081081081081081, 0.528122717311906, 1.0, 0.918918918918919, 1.0, 0.540540540540541 ],
					"xpos" : [ -0.574 ],
					"ypos" : [ 0.436 ]
				}

			}
,
			"2" : 			{
				"id" : 2,
				"data" : 				{
					"scale" : [ 0.74 ],
					"swatch" : [ 0.550766983199416, 0.783783783783784, 0.0, 1.0, 0.216216216216216, 1.0, 0.391891891891892 ],
					"xpos" : [ 0.67 ],
					"ypos" : [ 0.204 ]
				}

			}

		}

	}

}
